('Adam','Perry',76,'forward',723,35000000.0,'1984-09-10'),
('Susan','Williams',18,'midfielder',602,89000000.0,'1986-10-11'),
('Lawrence','Lane',90,'defender',944,16000000.0,'1986-02-04'),
('Daniel','Hernandez',108,'midfielder',62,29000000.0,'2006-02-08'),
('Brian','Brennan',18,'goalkeeper',288,73000000.0,'1998-04-11'),
('Lynn','Nelson',188,'defender',809,10000000.0,'1985-06-06'),
('Kim','Collins',66,'forward',431,77000000.0,'1989-08-09'),
('Stacy','Good',196,'forward',542,60000000.0,'2001-11-15'),
('Jordan','Harding',116,'midfielder',804,81000000.0,'1993-01-15'),
('John','Anderson',123,'midfielder',14,7000000.0,'1990-09-22'),
('Molly','Maxwell',103,'midfielder',379,47000000.0,'1982-10-09'),
('Victoria','Kelly',29,'goalkeeper',573,69000000.0,'2002-08-23'),
('Richard','Higgins',71,'defender',263,21000000.0,'2002-03-17'),
('Charles','Sutton',151,'forward',897,31000000.0,'1986-05-13'),
('Jennifer','Rich',62,'midfielder',506,58000000.0,'1981-04-23'),
('Pedro','Davis',180,'defender',399,53000000.0,'1985-04-15'),
('Denise','Davis',20,'defender',376,44000000.0,'2006-12-11'),
('Maria','Miller',17,'goalkeeper',69,25000000.0,'1985-04-19'),
('Louis','Reyes',82,'defender',381,19000000.0,'1989-07-04'),
('Jared','Ferguson',17,'forward',318,49000000.0,'1993-02-08'),
('Jessica','Martin',157,'goalkeeper',252,75000000.0,'1993-01-15'),
('Timothy','Moore',79,'midfielder',738,36000000.0,'2002-11-04'),
('Charles','Harris',185,'defender',968,59000000.0,'1999-09-14'),
('Alexandra','Shaw',120,'forward',739,73000000.0,'1981-01-24'),
('Philip','Kennedy',157,'midfielder',48,28000000.0,'1980-03-09'),
('Ms.','Stacy',113,'defender',517,17000000.0,'2006-09-11'),
('Aaron','Anderson',120,'goalkeeper',875,78000000.0,'1998-03-02'),
('Ashley','Ortega',174,'forward',18,95000000.0,'1981-10-06'),
('Jonathan','Butler',120,'midfielder',296,46000000.0,'1985-02-12'),
('Brandon','Le',112,'defender',952,93000000.0,'1986-04-19'),
('Faith','Beck',8,'forward',82,21000000.0,'1982-11-03'),
('David','Ramirez',16,'midfielder',75,48000000.0,'1984-11-30'),
('Tammy','Sanders',100,'midfielder',33,72000000.0,'1993-08-01'),
('Derrick','Thompson',145,'goalkeeper',744,77000000.0,'2003-10-24'),
('Joann','James',111,'midfielder',308,69000000.0,'1996-01-18'),
('Betty','Smith',141,'defender',649,12000000.0,'1986-02-24'),
('Amber','Mcfarland',194,'defender',457,56000000.0,'1989-02-27'),
('Kevin','Raymond',43,'defender',116,29000000.0,'2002-02-14'),
('Kathryn','Mays',134,'goalkeeper',981,30000000.0,'1996-05-21'),
('Janice','Anderson',162,'defender',598,24000000.0,'1983-01-28'),
('Michelle','West',140,'forward',824,81000000.0,'1982-05-07'),
('Cory','Farley',81,'midfielder',48,100000000.0,'1993-11-15'),
('John','Haney',87,'midfielder',705,87000000.0,'2003-03-13'),
('Gabrielle','Mendoza',119,'midfielder',872,6000000.0,'1994-12-02'),
('Thomas','Weber',36,'midfielder',89,74000000.0,'2004-08-01'),
('Hector','Knight',76,'goalkeeper',945,30000000.0,'1999-08-31'),
('Deanna','Phillips',133,'midfielder',324,22000000.0,'2002-12-14'),
('Stephen','Phillips',55,'midfielder',732,96000000.0,'1985-01-29'),
('Sarah','Lloyd',63,'midfielder',245,17000000.0,'1993-11-24'),
('Jennifer','Jenkins',66,'defender',241,34000000.0,'1982-10-31'),
('Jennifer','Green',110,'forward',932,42000000.0,'1987-03-12'),
('Adrian','Anderson',162,'goalkeeper',174,46000000.0,'2005-07-18'),
('Robert','Smith',77,'defender',25,20000000.0,'1992-04-21'),
('Michael','Brock',198,'goalkeeper',200,7000000.0,'1986-03-18'),
('Megan','Rodriguez',128,'defender',729,28000000.0,'2005-12-30'),
('Robert','Mays',151,'goalkeeper',11,86000000.0,'1989-03-29'),
('Eugene','Summers',196,'forward',730,64000000.0,'1982-03-18'),
('Karen','Brooks',69,'defender',62,7000000.0,'1985-02-01'),
('Lisa','Evans',90,'midfielder',473,89000000.0,'1991-02-07'),
('Ashley','Lamb',145,'midfielder',248,28000000.0,'1982-11-21'),
('Michelle','Riley',33,'midfielder',368,69000000.0,'1987-10-01'),
('Anna','Hutchinson',46,'forward',160,84000000.0,'2000-04-10'),
('Glen','Hayes',82,'forward',550,76000000.0,'1983-11-11'),
('Charles','Murphy',162,'defender',504,65000000.0,'2001-09-23'),
('Kurt','Jones',147,'midfielder',184,47000000.0,'1988-01-29'),
('Andrew','Hansen',149,'forward',883,45000000.0,'1988-01-30'),
('Amanda','Palmer',172,'defender',861,71000000.0,'2001-12-13'),
('Roger','Owens',117,'forward',2,95000000.0,'1992-03-07'),
('Deborah','Gregory',79,'defender',709,30000000.0,'1989-03-29'),
('Joseph','Castro',18,'midfielder',464,61000000.0,'1986-11-07'),
('Gary','Welch',94,'forward',538,69000000.0,'2006-07-01'),
('Howard','Scott',45,'midfielder',930,72000000.0,'2000-01-10'),
('Daniel','Tyler',129,'forward',107,71000000.0,'1999-01-05'),
('Heidi','Chaney',182,'midfielder',686,99000000.0,'1993-04-28'),
('Yesenia','Lopez',104,'forward',636,66000000.0,'2007-08-06'),
('Angela','Lewis',108,'goalkeeper',511,35000000.0,'2006-02-13'),
('Michelle','Mcbride',103,'midfielder',269,97000000.0,'1998-09-10'),
('Wendy','Prince',94,'midfielder',556,2000000.0,'1993-03-05'),
('Ryan','Ross',165,'goalkeeper',741,76000000.0,'2000-10-30'),
('Nathan','Murphy',164,'midfielder',155,58000000.0,'1980-05-17'),
('Brian','Curry',18,'forward',980,14000000.0,'1987-01-23'),
('Erika','Allen',4,'midfielder',245,75000000.0,'1988-03-02'),
('Wendy','Kennedy',121,'goalkeeper',496,49000000.0,'2001-04-20'),
('Janet','Dodson',133,'defender',382,10000000.0,'1984-09-25'),
('Shane','Figueroa',60,'forward',395,22000000.0,'1982-02-01'),
('Ashley','Washington',179,'defender',723,75000000.0,'2001-12-13'),
('Kurt','Alvarado',65,'goalkeeper',368,63000000.0,'1991-01-22'),
('Joshua','Peterson',148,'midfielder',507,20000000.0,'1984-09-13'),
('Paul','Hawkins',8,'forward',58,6000000.0,'1986-06-17'),
('Elizabeth','Cook',119,'midfielder',166,77000000.0,'2007-03-03'),
('Jean','Savage',194,'defender',598,21000000.0,'2006-11-16'),
('Paul','Hood',198,'forward',239,33000000.0,'1992-10-22'),
('Peggy','Summers',88,'midfielder',331,52000000.0,'2005-03-03'),
('Michael','Farmer',147,'forward',6,47000000.0,'2004-12-18'),
('George','Smith',136,'midfielder',371,8000000.0,'2004-05-10'),
('Virginia','Kelley',39,'defender',277,57000000.0,'1982-11-23'),
('Amanda','Aguilar',149,'midfielder',357,31000000.0,'1997-11-07'),
('Cynthia','Stewart',97,'defender',127,29000000.0,'1981-09-08'),
('Diana','Hernandez',75,'midfielder',568,3000000.0,'1996-08-06'),
('Patricia','Miller',87,'defender',199,41000000.0,'1987-11-30'),
('Dakota','Brown',83,'defender',460,96000000.0,'2005-02-27'),
('Mr.','George',144,'midfielder',962,93000000.0,'2004-11-21'),
('Deborah','Johnson',158,'goalkeeper',311,50000000.0,'1993-02-21'),
('Patrick','Reilly',87,'goalkeeper',62,33000000.0,'1990-12-21'),
('Hannah','Wheeler',10,'defender',816,48000000.0,'2005-02-22'),
('Guy','Nelson',44,'defender',964,74000000.0,'1980-06-30'),
('Danielle','Raymond',15,'midfielder',293,92000000.0,'2002-11-26'),
('Morgan','Long',119,'midfielder',837,18000000.0,'1993-05-11'),
('William','Leonard',166,'defender',560,100000000.0,'2006-09-12'),
('Tammy','Cohen',118,'forward',70,56000000.0,'1986-05-10'),
('Alicia','Holmes',80,'midfielder',818,42000000.0,'1986-09-10'),
('Christopher','Garcia',168,'midfielder',602,33000000.0,'1985-07-23'),
('Sarah','Moore',34,'forward',787,71000000.0,'2000-07-03'),
('Ashley','Johnson',113,'forward',485,48000000.0,'1993-01-26'),
('Billy','Stewart',39,'goalkeeper',14,84000000.0,'1988-01-25'),
('Malik','Hudson',145,'midfielder',523,93000000.0,'2005-02-28'),
('David','Ferguson',160,'goalkeeper',74,43000000.0,'1998-12-26'),
('April','Andrews',122,'goalkeeper',365,42000000.0,'1989-01-05'),
('Kendra','Smith',69,'defender',671,46000000.0,'2007-09-01'),
('Lance','Pace',27,'defender',811,56000000.0,'2002-10-04'),
('Daniel','Campbell',72,'midfielder',540,40000000.0,'1986-07-24'),
('Caroline','Foster',51,'goalkeeper',506,61000000.0,'1993-08-04'),
('William','Grimes',53,'goalkeeper',398,95000000.0,'1983-04-23'),
('Elizabeth','Hughes',97,'forward',831,49000000.0,'2001-10-30'),
('Shawn','Daniels',182,'goalkeeper',155,14000000.0,'1989-09-25'),
('Joanne','Nelson',183,'goalkeeper',643,32000000.0,'2006-06-20'),
('Jeffery','Larsen',19,'defender',727,65000000.0,'1990-02-01'),
('Martha','Hancock',65,'defender',448,97000000.0,'1994-05-17'),
('Katelyn','Rodriguez',5,'midfielder',745,38000000.0,'1992-01-10'),
('Stephanie','Estrada',170,'goalkeeper',472,88000000.0,'1980-10-06'),
('Richard','Villarreal',65,'goalkeeper',20,67000000.0,'1981-09-27'),
('Michael','Singh',163,'midfielder',631,74000000.0,'1996-09-26'),
('Christina','Johnston',200,'goalkeeper',582,90000000.0,'1991-04-11'),
('John','Kelley',34,'midfielder',358,45000000.0,'1984-05-28'),
('Christopher','Caldwell',3,'defender',964,53000000.0,'1996-01-28'),
('Christina','White',6,'goalkeeper',239,5000000.0,'1982-10-26'),
('Kelly','Terry',168,'goalkeeper',419,80000000.0,'2005-01-16'),
('Rebecca','Herrera',10,'defender',886,75000000.0,'1988-05-23'),
('Amanda','Jacobs',139,'midfielder',246,21000000.0,'1982-09-08'),
('Sara','Brandt',90,'forward',524,57000000.0,'1981-06-16'),
('Colin','Fischer',10,'midfielder',799,77000000.0,'1993-04-03'),
('Ricardo','Johnson',86,'defender',647,44000000.0,'2006-06-27'),
('Julia','Silva',153,'defender',887,13000000.0,'1984-05-17'),
('John','Foster',107,'goalkeeper',18,23000000.0,'1991-10-31'),
('Harold','Shaffer',100,'forward',238,23000000.0,'1981-12-06'),
('Jillian','Hardin',74,'forward',457,46000000.0,'1993-02-11'),
('Victor','Mason',14,'forward',911,35000000.0,'2000-09-06'),
('Ronald','Duncan',14,'forward',335,38000000.0,'1982-03-09'),
('Kathryn','Clark',156,'goalkeeper',934,95000000.0,'1995-10-23'),
('Jason','Ellis',140,'midfielder',393,80000000.0,'1982-12-13'),
('Dr.','Jeffrey',114,'midfielder',858,89000000.0,'1998-10-22'),
('Mitchell','Gay',89,'midfielder',573,87000000.0,'2005-09-11'),
('Casey','Ruiz',84,'goalkeeper',798,6000000.0,'1997-05-24'),
('David','Edwards',174,'forward',337,85000000.0,'1985-11-25'),
('Sarah','Hines',107,'defender',859,64000000.0,'1995-11-11'),
('Helen','Hart',149,'goalkeeper',46,60000000.0,'1999-06-06'),
('Ryan','Velasquez',172,'midfielder',842,76000000.0,'1986-07-02'),
('Denise','Cook',49,'defender',652,45000000.0,'1985-01-20'),
('Melissa','Ramirez',55,'forward',317,90000000.0,'1998-03-11'),
('Gina','Pineda',75,'goalkeeper',912,36000000.0,'1987-06-29'),
('Aaron','Coffey',150,'goalkeeper',281,53000000.0,'1989-08-14'),
('Elizabeth','Chavez',160,'defender',773,90000000.0,'1989-02-05'),
('Susan','Mccullough',90,'midfielder',169,90000000.0,'1984-12-22'),
('Phillip','Burch',166,'goalkeeper',784,33000000.0,'1987-03-28'),
('Derrick','Bernard',178,'forward',893,1000000.0,'1985-06-27'),
('Renee','Cook',110,'goalkeeper',214,84000000.0,'1994-01-31'),
('Nicole','Owens',142,'defender',69,24000000.0,'2004-07-01'),
('Kyle','Hernandez',59,'forward',447,36000000.0,'1998-08-07'),
('Joyce','Harmon',90,'defender',517,75000000.0,'1991-02-13'),
('Maria','Smith',119,'midfielder',399,58000000.0,'1990-08-26'),
('David','Stone',38,'goalkeeper',579,63000000.0,'1981-09-19'),
('Ashley','Williams',139,'goalkeeper',1000,72000000.0,'1982-04-03'),
('Andre','Andrade',34,'goalkeeper',225,28000000.0,'1996-11-21'),
('Heather','Combs',113,'goalkeeper',678,36000000.0,'2006-05-28'),
('Denise','Ellis',152,'defender',655,45000000.0,'1992-09-22'),
('Alexandra','Andrews',181,'goalkeeper',763,56000000.0,'2002-07-22'),
('Mark','Bryant',41,'forward',906,44000000.0,'1992-08-05'),
('Kenneth','Lopez',58,'midfielder',251,98000000.0,'1992-06-03'),
('Marcus','Giles',184,'midfielder',315,27000000.0,'1987-07-07'),
('Debbie','Sanders',67,'midfielder',783,46000000.0,'1996-09-26'),
('Sally','Smith',125,'midfielder',743,92000000.0,'2004-12-14'),
('Suzanne','Mcdonald',181,'forward',979,4000000.0,'2003-10-26'),
('Alejandra','Nunez',31,'midfielder',343,72000000.0,'1980-05-01'),
('Ariel','Wong',126,'defender',182,64000000.0,'2004-05-30'),
('Jason','Wright',123,'forward',827,67000000.0,'1990-07-23'),
('Colin','Sanchez',66,'goalkeeper',683,37000000.0,'1981-02-25'),
('Joshua','Ford',163,'defender',612,13000000.0,'2005-08-20'),
('Mr.','Nicholas',179,'goalkeeper',101,67000000.0,'1996-01-15'),
('Annette','Watson',57,'goalkeeper',93,20000000.0,'1988-04-05'),
('Thomas','Phillips',155,'defender',362,41000000.0,'2007-09-09'),
('Rodney','Berg',189,'goalkeeper',422,31000000.0,'2002-11-19'),
('Don','Strong',143,'goalkeeper',567,60000000.0,'2007-08-29'),
('Robert','Romero',113,'defender',736,12000000.0,'2000-04-10'),
('Alan','Terrell',41,'goalkeeper',364,91000000.0,'1993-07-06'),
('Chad','Jones',190,'midfielder',963,90000000.0,'1984-03-16'),
('Jessica','Smith',117,'midfielder',985,65000000.0,'1984-08-08'),
('Megan','Thompson',168,'midfielder',950,4000000.0,'1993-07-19'),
('Johnny','Myers',174,'goalkeeper',628,36000000.0,'1993-01-20'),
('Jason','Flores',19,'goalkeeper',182,42000000.0,'1984-09-27'),
('Richard','Parsons',16,'goalkeeper',931,16000000.0,'1980-04-28'),
('Brandi','Willis',154,'forward',665,8000000.0,'2000-09-10'),
('Rodney','Matthews',64,'forward',368,73000000.0,'1999-10-09'),
('Kim','Riddle',56,'midfielder',92,3000000.0,'1994-10-10'),
('Mr.','Philip',43,'forward',461,84000000.0,'1992-07-08'),
('Carol','Jensen',193,'forward',521,14000000.0,'2003-01-12'),
('Mark','Kennedy',115,'forward',174,59000000.0,'2006-04-17'),
('Wesley','David',20,'defender',894,45000000.0,'1988-06-02'),
('Denise','Parker',83,'goalkeeper',696,49000000.0,'2005-10-27'),
('Christopher','Becker',132,'goalkeeper',13,2000000.0,'1981-05-17'),
('Kelly','Edwards',132,'forward',713,68000000.0,'1995-01-20'),
('Maria','Gay',35,'midfielder',676,95000000.0,'1995-02-26'),
('Amanda','Torres',187,'forward',560,72000000.0,'1985-09-19'),
('Aaron','Patterson',172,'forward',509,17000000.0,'1991-08-23'),
('Stacy','Green',53,'forward',203,99000000.0,'2001-01-02'),
('Brian','Mcconnell',17,'midfielder',254,57000000.0,'1980-10-09'),
('Casey','Anthony',142,'midfielder',915,64000000.0,'1999-08-11'),
('Dana','Newman',7,'forward',528,62000000.0,'2005-11-29'),
('David','Newman',101,'forward',424,3000000.0,'1987-06-18'),
('Donald','Davis',101,'forward',279,9000000.0,'2006-05-02'),
('Luke','Ferrell',154,'defender',575,19000000.0,'1994-03-27'),
('Emily','Ellis',70,'defender',8,8000000.0,'1994-01-11'),
('Olivia','Simmons',172,'midfielder',43,35000000.0,'1992-05-27'),
('Robin','English',179,'midfielder',565,41000000.0,'2001-12-15'),
('Lindsey','Riley',57,'goalkeeper',534,97000000.0,'1999-01-08'),
('Andrea','Morgan',124,'midfielder',59,1000000.0,'1980-08-02'),
('Craig','Eaton',193,'forward',862,46000000.0,'2000-09-22'),
('Shirley','Johnson',195,'midfielder',533,26000000.0,'2001-06-15'),
('Joseph','Smith',56,'forward',446,70000000.0,'2003-10-03'),
('Julia','Vargas',102,'goalkeeper',930,91000000.0,'1987-09-19'),
('Jeffrey','Sullivan',140,'forward',82,85000000.0,'2004-10-22'),
('Brian','Carter',35,'goalkeeper',453,11000000.0,'1988-06-12'),
('Lacey','Roberts',48,'forward',120,18000000.0,'1987-02-20'),
('Abigail','Foster',69,'forward',561,47000000.0,'1997-08-15'),
('Timothy','Fry',25,'goalkeeper',1000,100000000.0,'1998-05-04'),
('Lori','Lawson',94,'forward',863,78000000.0,'1993-11-12'),
('Monica','Pittman',98,'defender',795,85000000.0,'2004-10-14'),
('Jennifer','Rodriguez',143,'goalkeeper',537,94000000.0,'1987-11-10'),
('Melissa','Smith',76,'goalkeeper',987,34000000.0,'1983-12-24'),
('Tiffany','Levine',20,'goalkeeper',334,63000000.0,'1982-07-07'),
('Alexis','Velez',61,'midfielder',15,47000000.0,'1986-07-24'),
('Mark','Martin',45,'midfielder',170,50000000.0,'1980-06-26'),
('Stacey','Burnett',41,'goalkeeper',6,68000000.0,'1985-07-27'),
('Vernon','Rios',94,'defender',182,64000000.0,'1990-12-09'),
('Cynthia','Gardner',148,'forward',239,41000000.0,'2003-05-18'),
('William','Kennedy',91,'goalkeeper',363,22000000.0,'2005-11-16'),
('Jonathan','Howard',118,'forward',281,14000000.0,'1985-04-26'),
('Curtis','Cooper',148,'midfielder',226,29000000.0,'1987-12-10'),
('Dana','Montgomery',110,'forward',681,35000000.0,'1997-11-21'),
('Amy','Kim',170,'defender',436,49000000.0,'1989-04-06'),
('Angel','Trujillo',137,'forward',370,98000000.0,'1986-07-17'),
('Rebecca','Adams',29,'forward',292,51000000.0,'2000-09-17'),
('Matthew','Molina',24,'goalkeeper',741,43000000.0,'1994-03-17'),
('Deanna','Jones',6,'defender',540,32000000.0,'1987-12-23'),
('James','Williams',32,'forward',824,61000000.0,'1994-08-24'),
('Claudia','Evans',146,'defender',465,92000000.0,'2003-08-06'),
('Jeffery','Murray',41,'midfielder',403,20000000.0,'1995-08-28'),
('Dennis','Jenkins',83,'goalkeeper',50,29000000.0,'1988-04-01'),
('Rhonda','Berry',164,'goalkeeper',236,50000000.0,'1986-03-23'),
('Jonathan','Berry',105,'forward',35,34000000.0,'2000-04-24'),
('Rebecca','Potter',47,'forward',460,43000000.0,'1983-12-12'),
('Anna','Myers',25,'defender',808,12000000.0,'1990-04-18'),
('Dana','Huber',33,'goalkeeper',349,31000000.0,'2001-03-18'),
('Jacqueline','Arnold',141,'goalkeeper',40,72000000.0,'1992-04-22'),
('Corey','Flores',73,'midfielder',868,11000000.0,'2006-05-19'),
('Jeffery','Simon',32,'goalkeeper',875,100000000.0,'2000-07-13'),
('Brian','Johnson',76,'midfielder',358,47000000.0,'1994-12-19'),
('John','Sanders',165,'goalkeeper',772,29000000.0,'1992-06-05'),
('Alyssa','Fuller',37,'defender',475,89000000.0,'1982-04-09'),
('Joshua','Davis',196,'midfielder',505,21000000.0,'1995-11-28'),
('Linda','Martin',90,'goalkeeper',508,95000000.0,'2001-10-19'),
('Jeffrey','Barton',92,'defender',811,25000000.0,'1992-03-24'),
('Tina','Wagner',78,'defender',406,22000000.0,'1992-04-05'),
('Ashley','Leonard',132,'goalkeeper',594,35000000.0,'1988-09-26'),
('Robert','Reyes',62,'forward',368,37000000.0,'1980-12-19'),
('Rachael','Houston',141,'forward',886,22000000.0,'1985-10-10'),
('Jennifer','Tate',165,'midfielder',11,8000000.0,'1985-05-25'),
('Nancy','Moon',196,'forward',187,57000000.0,'1983-06-07'),
('Regina','Lee',200,'goalkeeper',106,27000000.0,'1992-02-23'),
('Carolyn','Jones',21,'goalkeeper',36,17000000.0,'1992-06-15'),
('Maria','Rodriguez',161,'midfielder',347,47000000.0,'2004-05-23'),
('Barbara','Chang',139,'midfielder',993,94000000.0,'2001-04-18'),
('Benjamin','Ramsey',46,'midfielder',75,61000000.0,'1984-03-23'),
('Walter','Alexander',121,'defender',926,62000000.0,'1988-02-11'),
('Andrea','Brown',155,'midfielder',86,85000000.0,'1986-11-25'),
('Jeanette','Aguilar',128,'defender',773,40000000.0,'1980-04-06'),
('Jesus','Lee',11,'defender',236,66000000.0,'1989-09-02'),
('Matthew','Conway',197,'forward',369,11000000.0,'1990-10-26'),
('Sheila','Walls',162,'goalkeeper',377,58000000.0,'1983-06-15'),
('Anne','Williams',35,'forward',108,16000000.0,'2003-05-15'),
('Juan','Moore',100,'goalkeeper',59,64000000.0,'1982-06-09'),
('Eric','Medina',178,'goalkeeper',606,67000000.0,'1980-09-13'),
('Gina','Burch',160,'midfielder',542,33000000.0,'1991-09-01'),
('Madeline','Diaz',13,'forward',34,48000000.0,'1983-02-07'),
('Madison','Daniel',116,'midfielder',345,93000000.0,'2001-02-25'),
('Pam','Flores',77,'defender',773,87000000.0,'1991-10-24'),
('Kelly','Meza',22,'defender',239,32000000.0,'1987-06-26'),
('Patrick','Daniels',142,'defender',535,45000000.0,'1997-02-10'),
('William','Henry',11,'forward',754,68000000.0,'2007-05-26'),
('Briana','Lee',106,'midfielder',777,11000000.0,'1985-09-25'),
('Nicole','Hill',156,'goalkeeper',524,13000000.0,'1996-02-20'),
('Kelsey','Lamb',87,'defender',88,16000000.0,'1987-05-08'),
('Peter','Russell',80,'goalkeeper',122,80000000.0,'1994-05-22'),
('Savannah','Bradshaw',163,'defender',216,47000000.0,'1981-01-01'),
('Cheryl','Phelps',96,'defender',630,30000000.0,'1984-07-28'),
('Natalie','Davis',89,'goalkeeper',233,62000000.0,'1993-08-28'),
('Austin','Evans',69,'forward',267,63000000.0,'2006-07-06'),
('Christopher','Velez',2,'defender',718,50000000.0,'1983-01-04'),
('Jeffrey','Ray',24,'goalkeeper',849,29000000.0,'1982-01-03'),
('Shannon','Palmer',187,'forward',902,48000000.0,'2000-02-10'),
('Stephen','Leonard',20,'forward',917,89000000.0,'2001-12-13'),
('Diane','Williams',95,'goalkeeper',430,89000000.0,'1987-09-19'),
('Julie','Brown',3,'defender',614,15000000.0,'2006-08-24'),
('Valerie','Smith',75,'defender',817,49000000.0,'2001-07-12'),
('Sandra','Lewis',136,'defender',750,29000000.0,'1996-01-27'),
('Megan','Jackson',110,'defender',773,96000000.0,'2005-11-24'),
('Gary','Dickerson',87,'midfielder',629,90000000.0,'1989-06-10'),
('Rachel','Butler',73,'forward',360,36000000.0,'1988-04-13'),
('Matthew','Price',146,'midfielder',567,30000000.0,'2004-03-21'),
('Ashley','Garcia',159,'midfielder',932,72000000.0,'1995-09-28'),
('Donna','Bell',187,'defender',94,36000000.0,'1985-01-12'),
('Catherine','Hayes',140,'defender',698,79000000.0,'1995-10-28'),
('Tara','Nelson',106,'forward',110,40000000.0,'1993-11-13'),
('Elizabeth','Henson',2,'defender',836,95000000.0,'1997-10-09'),
('Mark','Avila',88,'defender',708,60000000.0,'1995-11-07'),
('Amanda','Lucas',175,'midfielder',470,76000000.0,'2003-09-30'),
('Tammy','Johnson',60,'defender',737,23000000.0,'1998-07-27'),
('James','Romero',91,'defender',119,67000000.0,'1988-01-18'),
('Rachael','Mendoza',194,'defender',673,61000000.0,'1989-10-16'),
('Wanda','Williams',95,'forward',319,77000000.0,'2007-05-20'),
('Lisa','Norman',101,'midfielder',179,59000000.0,'1998-10-18'),
('Matthew','Montgomery',13,'midfielder',366,19000000.0,'2003-05-06'),
('Jeff','Wilson',114,'defender',13,48000000.0,'1995-09-24'),
('Alyssa','Baker',54,'midfielder',340,39000000.0,'1989-02-21'),
('Mrs.','Alexandra',70,'forward',627,67000000.0,'1991-04-01'),
('Kayla','Bauer',146,'midfielder',100,6000000.0,'1984-04-25'),
('Michael','Buchanan',72,'forward',790,61000000.0,'1987-10-27'),
('Ryan','Miller',148,'defender',76,32000000.0,'1994-08-03'),
('Mark','Dunn',18,'forward',242,55000000.0,'1995-09-13'),
('Charles','Johns',164,'goalkeeper',593,23000000.0,'2001-02-07'),
('Valerie','Dalton',13,'forward',211,45000000.0,'1982-07-15'),
('James','Acosta',17,'forward',691,42000000.0,'1987-04-23'),
('Donald','Bruce',182,'midfielder',21,23000000.0,'1981-04-18'),
('Craig','Clark',35,'goalkeeper',841,35000000.0,'1990-09-14'),
('Laura','Campbell',76,'midfielder',683,96000000.0,'1987-12-10'),
('Robin','Carlson',100,'defender',585,36000000.0,'1993-04-26'),
('Kara','Sexton',12,'midfielder',860,69000000.0,'1981-06-29'),
('Robert','Mckay',109,'forward',675,13000000.0,'1991-10-04'),
('Chelsea','Jones',199,'forward',152,69000000.0,'1986-06-11'),
('Joel','Williams',10,'goalkeeper',63,81000000.0,'2003-04-02'),
('Derrick','Welch',7,'goalkeeper',313,88000000.0,'2003-06-27'),
('Caleb','Snyder',1,'midfielder',261,5000000.0,'1993-02-05'),
('Alexander','Cole',41,'goalkeeper',382,38000000.0,'2003-09-28'),
('Shannon','Robertson',172,'forward',558,78000000.0,'1994-02-11'),
('James','Russell',137,'defender',613,10000000.0,'2000-01-22'),
('Suzanne','Jimenez',32,'defender',87,44000000.0,'2006-10-07'),
('Monica','Russell',47,'goalkeeper',151,98000000.0,'1996-11-08'),
('Daniel','Edwards',43,'goalkeeper',139,41000000.0,'1981-07-13'),
('Robert','Hawkins',75,'defender',543,91000000.0,'1989-09-12'),
('Scott','Hamilton',180,'goalkeeper',212,56000000.0,'1999-02-25'),
('Tonya','Wilson',49,'midfielder',809,60000000.0,'2006-07-31'),
('Jacob','Hansen',67,'forward',597,88000000.0,'1991-06-04'),
('Diamond','Jordan',10,'forward',654,7000000.0,'1992-12-22'),
('Brittney','Santiago',56,'forward',15,92000000.0,'2005-08-22'),
('Matthew','Pennington',64,'forward',397,69000000.0,'1982-03-22'),
('Carolyn','Rogers',46,'defender',421,53000000.0,'1988-08-26'),
('Gary','Camacho',163,'defender',686,83000000.0,'1989-06-16'),
('Steven','Cain',104,'forward',380,7000000.0,'1991-01-22'),
('Christine','Holmes',83,'goalkeeper',428,93000000.0,'2003-06-18'),
('Brandon','White',148,'forward',665,2000000.0,'1996-09-21'),
('Ms.','Amber',116,'defender',808,43000000.0,'1984-12-10'),
('Jason','Butler',126,'goalkeeper',357,29000000.0,'1994-05-07'),
('Jesse','Noble',16,'defender',297,79000000.0,'2005-08-18'),
('Leah','Garcia',65,'defender',817,30000000.0,'1994-09-23'),
('Nicole','Holland',146,'forward',223,81000000.0,'1999-12-17'),
('Caitlin','Chandler',91,'midfielder',321,50000000.0,'1994-04-03'),
('Sarah','Carroll',145,'goalkeeper',440,65000000.0,'1984-03-15'),
('Raymond','Thompson',180,'goalkeeper',120,24000000.0,'1983-08-21'),
('Robert','Smith',198,'forward',418,36000000.0,'1992-03-14'),
('Kayla','Conner',159,'forward',981,37000000.0,'1993-08-03'),
('Deanna','West',167,'midfielder',581,85000000.0,'1988-02-29'),
('Bryan','Lewis',26,'goalkeeper',330,5000000.0,'1984-03-17'),
('Matthew','Williams',145,'goalkeeper',834,93000000.0,'1988-06-02'),
('James','Johnson',54,'midfielder',848,99000000.0,'1988-11-17'),
('Kimberly','Reese',162,'defender',578,42000000.0,'2000-08-13'),
('Michael','Rose',102,'goalkeeper',550,39000000.0,'1994-10-13'),
('Nicholas','Crawford',101,'forward',688,56000000.0,'1999-01-31'),
('Kevin','Thomas',6,'goalkeeper',912,24000000.0,'1992-06-05'),
('Ashley','Gallegos',57,'defender',400,13000000.0,'1988-09-06'),
('Patricia','Smith',57,'goalkeeper',914,76000000.0,'1981-08-08'),
('David','Taylor',23,'goalkeeper',24,40000000.0,'1988-01-25'),
('George','Page',166,'forward',102,35000000.0,'1994-09-07'),
('Edward','Kelly',187,'midfielder',923,20000000.0,'1990-12-07'),
('Christopher','Lloyd',99,'goalkeeper',338,12000000.0,'1991-07-05'),
('Lindsay','Black',50,'forward',918,12000000.0,'1988-06-04'),
('Craig','Wood',165,'goalkeeper',8,15000000.0,'1981-06-19'),
('Wesley','Cox',79,'midfielder',798,9000000.0,'1984-07-31'),
('Matthew','Conrad',55,'goalkeeper',383,78000000.0,'1986-07-09'),
('Jeff','Rodriguez',149,'defender',202,22000000.0,'1995-11-03'),
('Mark','Fitzgerald',153,'defender',510,74000000.0,'1993-01-24'),
('Dawn','Harvey',95,'midfielder',474,21000000.0,'2004-03-30'),
('Michael','Levy',25,'forward',554,60000000.0,'1991-12-22'),
('Darlene','Wallace',24,'midfielder',261,13000000.0,'1986-05-08'),
('Richard','Hart',163,'defender',928,9000000.0,'1986-07-23'),
('Kayla','White',83,'forward',136,44000000.0,'1989-06-25'),
('Zachary','Thompson',123,'defender',320,34000000.0,'1991-04-01'),
('Tina','Cooley',70,'defender',784,26000000.0,'2006-03-01'),
('Christopher','Marsh',141,'goalkeeper',269,15000000.0,'1980-11-24'),
('Katherine','Moore',55,'defender',130,26000000.0,'1993-04-08'),
('Justin','Fuller',121,'midfielder',312,84000000.0,'1989-09-11'),
('Christopher','Elliott',111,'goalkeeper',697,10000000.0,'1981-11-05'),
('Monica','Briggs',200,'goalkeeper',987,98000000.0,'1991-08-08'),
('Joel','Ferguson',31,'goalkeeper',539,6000000.0,'1985-08-12'),
('Katelyn','Payne',36,'midfielder',531,58000000.0,'1991-11-29'),
('Richard','Scott',36,'forward',686,5000000.0,'1987-01-02'),
('Heather','Garcia',152,'goalkeeper',708,3000000.0,'1986-09-17'),
('Cindy','Mccarthy',110,'goalkeeper',663,29000000.0,'2005-09-23'),
('Daniel','Davis',152,'goalkeeper',743,36000000.0,'1989-04-12'),
('Sarah','Morris',195,'midfielder',313,94000000.0,'1981-11-08'),
('Rebecca','Ward',193,'forward',144,46000000.0,'1986-05-26'),
('Matthew','Reyes',91,'defender',670,38000000.0,'1982-10-07'),
('Rodney','Palmer',60,'goalkeeper',8,90000000.0,'1989-09-30'),
('Teresa','Savage',146,'forward',593,16000000.0,'1990-01-31'),
('Lauren','Lee',21,'midfielder',791,53000000.0,'1993-02-09'),
('Hunter','Rush',83,'goalkeeper',460,63000000.0,'2006-03-02'),
('Tony','Simmons',88,'forward',893,79000000.0,'2007-12-15'),
('Arthur','Jones',165,'defender',908,68000000.0,'1980-11-11'),
('Jonathan','Harding',162,'forward',805,6000000.0,'2004-12-22'),
('Brandi','Harris',85,'midfielder',164,30000000.0,'1989-09-24'),
('James','Edwards',88,'goalkeeper',178,58000000.0,'1985-11-21'),
('Lori','Fitzgerald',104,'forward',82,12000000.0,'2004-06-02'),
('Robert','Hunt',21,'defender',485,70000000.0,'1997-11-28'),
('Sarah','Sanchez',194,'defender',527,32000000.0,'2004-08-17'),
('Angela','Jennings',124,'forward',574,38000000.0,'1986-10-30'),
('Dawn','Moore',119,'forward',766,50000000.0,'1983-11-27'),
('Terri','Brooks',90,'midfielder',653,25000000.0,'2002-03-03'),
('Robert','Scott',181,'defender',354,88000000.0,'2002-09-26'),
('Amanda','Jackson',88,'defender',479,10000000.0,'1997-06-24'),
('Brittany','Walls',54,'midfielder',316,69000000.0,'1989-06-11'),
('Michelle','Acosta',71,'goalkeeper',790,53000000.0,'1985-11-25'),
('David','Lambert',11,'defender',562,36000000.0,'2004-07-09'),
('Gwendolyn','Terrell',133,'goalkeeper',868,33000000.0,'1993-04-08'),
('Kara','Garcia',175,'midfielder',378,35000000.0,'1980-08-18'),
('Joseph','Wright',183,'defender',23,16000000.0,'1993-11-17'),
('Amber','Sosa',63,'midfielder',748,87000000.0,'1983-09-04'),
('Jennifer','Hopkins',71,'forward',310,18000000.0,'1980-04-28'),
('Jim','Gray',135,'midfielder',93,49000000.0,'2000-04-25'),
('Rodney','Long',134,'defender',385,97000000.0,'1986-04-27'),
('Heather','Mahoney',181,'goalkeeper',440,17000000.0,'1990-12-24'),
('Jeff','Mitchell',175,'goalkeeper',973,42000000.0,'1980-02-21'),
('Lucas','Kemp',18,'midfielder',445,21000000.0,'1985-10-24'),
('Nicholas','Turner',165,'forward',933,46000000.0,'1995-08-02'),
('Devin','Cooley',47,'goalkeeper',613,33000000.0,'1990-11-30'),
('Michael','Baker',194,'defender',787,23000000.0,'1998-03-07'),
('John','Allen',28,'goalkeeper',757,32000000.0,'1981-01-20'),
('Zachary','Wilson',61,'forward',72,13000000.0,'1984-04-12'),
('Aaron','Watson',86,'midfielder',596,77000000.0,'1990-03-07'),
('Melinda','Edwards',187,'midfielder',613,83000000.0,'1994-07-05'),
('Matthew','Wells',172,'goalkeeper',521,7000000.0,'1999-11-25'),
('Crystal','Stevens',77,'midfielder',127,98000000.0,'1993-11-09'),
('Sheryl','Hall',139,'forward',226,4000000.0,'1994-04-09'),
('Mike','Friedman',35,'defender',615,50000000.0,'2006-04-26'),
('Mitchell','Weber',87,'goalkeeper',895,46000000.0,'1985-02-18'),
('Justin','Simmons',26,'forward',398,77000000.0,'2007-10-15'),
('Crystal','Sanders',88,'goalkeeper',851,51000000.0,'1983-11-10'),
('Sherry','Bryant',48,'midfielder',961,54000000.0,'2000-03-04'),
('Patrick','Clark',125,'goalkeeper',516,72000000.0,'1988-07-13'),
('David','Moreno',81,'midfielder',810,94000000.0,'1992-08-14'),
('Janet','Terry',115,'forward',646,48000000.0,'1990-10-18'),
('Phillip','Cain',83,'forward',407,66000000.0,'1990-01-09'),
('Karen','Smith',47,'midfielder',203,46000000.0,'1990-12-15'),
('Jeffrey','Powell',61,'forward',380,99000000.0,'1984-06-24'),
('Rhonda','Williams',164,'defender',219,79000000.0,'1993-04-29'),
('Mr.','Sean',156,'forward',475,21000000.0,'1999-03-30'),
('Victoria','Palmer',121,'forward',466,92000000.0,'2007-03-29'),
('Rachel','Cherry',147,'goalkeeper',64,19000000.0,'2006-02-27'),
('Adam','Rodriguez',129,'goalkeeper',766,39000000.0,'1989-12-06'),
('Catherine','Williams',90,'defender',863,68000000.0,'1987-08-23'),
('Dr.','Jacqueline',114,'midfielder',607,62000000.0,'1999-02-13'),
('Eric','Williams',182,'goalkeeper',372,1000000.0,'2006-07-10'),
('Stacey','Carson',9,'midfielder',41,34000000.0,'1995-08-02'),
('Andrea','Jones',172,'defender',103,11000000.0,'1999-11-12'),
('Aaron','Rosales',72,'defender',142,35000000.0,'1987-09-06'),
('John','Chavez',179,'goalkeeper',796,55000000.0,'1984-04-13'),
('Jeffery','Franco',149,'forward',350,1000000.0,'2000-11-08'),
('Rachael','Hernandez',194,'forward',815,54000000.0,'1989-04-02'),
('Justin','Gallegos',161,'midfielder',166,65000000.0,'2001-06-18'),
('Tricia','Anderson',12,'midfielder',948,92000000.0,'1990-10-09'),
('David','Hanson',97,'forward',956,26000000.0,'1980-07-02'),
('Michael','Jones',165,'goalkeeper',549,66000000.0,'2007-07-04'),
('Kelly','Le',183,'forward',257,39000000.0,'1998-12-07'),
('Dawn','Coleman',48,'midfielder',560,58000000.0,'2001-02-25'),
('Leslie','Hicks',3,'midfielder',50,99000000.0,'1996-06-12'),
('Jessica','Bell',181,'forward',641,65000000.0,'1994-11-27'),
('Lisa','Turner',52,'defender',658,88000000.0,'1994-07-23'),
('Mr.','Christopher',46,'midfielder',676,58000000.0,'1982-10-23'),
('Jose','Martin',92,'midfielder',908,96000000.0,'1993-09-16'),
('Matthew','Roman',32,'goalkeeper',150,2000000.0,'1988-11-13'),
('Lindsay','Matthews',156,'goalkeeper',161,22000000.0,'1987-04-21'),
('Melvin','Walker',141,'defender',990,12000000.0,'1987-01-31'),
('Nathan','Robertson',81,'forward',485,15000000.0,'1993-08-14'),
('Richard','Clarke',116,'midfielder',644,69000000.0,'1982-09-26'),
('Bailey','Greene',126,'goalkeeper',979,36000000.0,'1987-04-12'),
('Jeff','Davis',41,'goalkeeper',117,46000000.0,'1998-05-09'),
('Sarah','Nelson',154,'forward',463,60000000.0,'2001-04-10'),
('Nicholas','Walters',78,'forward',198,23000000.0,'1994-08-29'),
('Benjamin','Lin',83,'goalkeeper',336,76000000.0,'1988-06-23'),
('Michael','Branch',158,'goalkeeper',530,85000000.0,'1986-05-26'),
('Nancy','Bond',159,'goalkeeper',813,39000000.0,'1994-12-14'),
('Joseph','West',18,'goalkeeper',32,84000000.0,'1995-05-01'),
('Jonathan','Smith',148,'goalkeeper',752,88000000.0,'1991-05-02'),
('Brian','Rivera',26,'forward',191,85000000.0,'1986-01-24'),
('Heather','Rogers',130,'forward',631,90000000.0,'2005-09-13'),
('Amy','White',180,'forward',632,70000000.0,'1983-09-06'),
('Kim','Maldonado',157,'midfielder',706,60000000.0,'1994-08-26'),
('Stephanie','Garner',185,'defender',113,95000000.0,'1999-10-31'),
('Richard','Herrera',178,'forward',953,57000000.0,'2002-06-30'),
('Mary','Buckley',100,'goalkeeper',323,91000000.0,'2006-05-06'),
('Nicholas','Watson',24,'forward',775,3000000.0,'1983-01-16'),
('Andrea','Gutierrez',183,'defender',835,61000000.0,'2000-02-25'),
('Lisa','Lewis',89,'goalkeeper',978,100000000.0,'1998-02-05'),
('Erica','Thompson',144,'forward',520,79000000.0,'1990-03-14'),
('Gloria','Cole',189,'goalkeeper',335,43000000.0,'2004-06-07'),
('Kylie','Gordon',133,'forward',586,59000000.0,'1987-04-23'),
('Janet','Johnston',127,'forward',153,95000000.0,'1990-06-09'),
('Donald','Mccarty',10,'defender',421,14000000.0,'1984-05-05'),
('Jeremy','Anderson',189,'midfielder',691,68000000.0,'1987-06-17'),
('Terry','Reyes',40,'defender',9,74000000.0,'2004-05-17'),
('Ruth','Landry',134,'forward',748,77000000.0,'1990-11-15'),
('Samuel','Case',39,'defender',863,82000000.0,'2007-10-09'),
('Hannah','Gould',40,'goalkeeper',968,40000000.0,'1986-11-07'),
('Samuel','Smith',187,'goalkeeper',756,94000000.0,'1981-06-02'),
('Douglas','Russell',33,'midfielder',634,98000000.0,'1997-03-25'),
('Catherine','Marquez',96,'goalkeeper',711,21000000.0,'1999-11-15'),
('Jacqueline','Curtis',173,'goalkeeper',515,30000000.0,'1994-12-23'),
('Danny','Nguyen',153,'forward',536,56000000.0,'1994-03-10'),
('Brittany','Anderson',138,'defender',287,2000000.0,'1982-10-01'),
('Elizabeth','Williams',169,'goalkeeper',541,82000000.0,'1981-09-24'),
('Joseph','Francis',88,'midfielder',484,99000000.0,'2006-05-30'),
('Jacob','Watson',135,'midfielder',293,46000000.0,'1999-04-30'),
('Leslie','Dodson',170,'goalkeeper',817,39000000.0,'1988-05-29'),
('Kathleen','Thornton',121,'forward',52,53000000.0,'1989-10-05'),
('Nicole','Duffy',15,'defender',314,26000000.0,'2003-03-24'),
('Gabriel','Frye',37,'midfielder',906,94000000.0,'1988-03-17'),
('Kayla','Frey',85,'defender',219,49000000.0,'1997-03-06'),
('Mario','Russell',90,'forward',494,93000000.0,'1998-03-07'),
('Luis','Avila',89,'forward',788,82000000.0,'1981-02-25'),
('Paula','Robinson',99,'goalkeeper',704,25000000.0,'1997-11-24'),
('Savannah','Elliott',121,'forward',999,72000000.0,'2005-09-27'),
('Richard','Golden',10,'defender',347,97000000.0,'1981-03-03'),
('Angela','Mcpherson',165,'goalkeeper',232,62000000.0,'1988-11-16'),
('Christian','Weber',88,'defender',128,2000000.0,'1998-03-01'),
('Andrea','Ramos',104,'goalkeeper',912,56000000.0,'2000-02-25'),
('Gloria','Andrews',166,'goalkeeper',198,49000000.0,'1998-05-19'),
('Colin','Morrison',10,'defender',373,13000000.0,'1988-07-25'),
('John','Vasquez',35,'midfielder',875,21000000.0,'1991-03-30'),
('Mary','King',102,'forward',837,74000000.0,'1986-01-02'),
('Marc','Gutierrez',132,'midfielder',7,10000000.0,'1983-09-01'),
('Rebecca','King',97,'forward',87,64000000.0,'1983-09-15'),
('Cameron','Kennedy',88,'midfielder',267,51000000.0,'1987-05-29'),
('Rachel','Gonzalez',111,'forward',647,69000000.0,'1990-06-06'),
('David','Tucker',189,'goalkeeper',555,14000000.0,'1991-11-27'),
('Margaret','Meyer',87,'defender',150,36000000.0,'1988-08-12'),
('Kenneth','Sanchez',86,'defender',357,60000000.0,'1991-07-27'),
('Faith','Hubbard',11,'forward',174,70000000.0,'1991-06-17'),
('Clinton','Boone',6,'defender',473,66000000.0,'2000-07-09'),
('John','Bradley',78,'midfielder',14,23000000.0,'1986-02-06'),
('Deborah','Martin',54,'forward',695,11000000.0,'2005-02-23'),
('Rachel','Richardson',61,'midfielder',453,39000000.0,'1988-11-19'),
('Samuel','Scott',107,'midfielder',8,2000000.0,'1983-12-13'),
('Michael','Trujillo',186,'forward',841,88000000.0,'1980-04-23'),
('Johnny','Anderson',29,'forward',477,28000000.0,'1990-11-08'),
('Edward','Nguyen',127,'midfielder',492,5000000.0,'2003-09-17'),
('Jonathan','Peters',57,'midfielder',49,3000000.0,'2002-02-11'),
('Gregory','Murray',92,'goalkeeper',85,24000000.0,'2003-10-29'),
('James','Graves',106,'defender',606,52000000.0,'2006-09-21'),
('Alexander','Morrison',93,'midfielder',768,81000000.0,'2004-03-21'),
('Crystal','Allen',92,'forward',121,13000000.0,'1985-05-31'),
('Steve','Williams',174,'midfielder',939,66000000.0,'1989-06-28'),
('Brian','James',197,'defender',166,97000000.0,'1985-05-11'),
('William','Williams',186,'midfielder',243,72000000.0,'2003-08-07'),
('Charles','Duarte',43,'defender',104,3000000.0,'1985-11-16'),
('Amber','Roman',76,'forward',79,38000000.0,'1987-04-09'),
('Whitney','Hernandez',54,'goalkeeper',270,94000000.0,'2003-05-05'),
('Eric','Williams',44,'forward',756,10000000.0,'2003-08-25'),
('Jennifer','Clark',73,'forward',369,83000000.0,'1997-09-30'),
('Mr.','John',107,'goalkeeper',440,18000000.0,'1998-06-26'),
('Gregory','Smith',119,'defender',893,52000000.0,'1989-10-13'),
('Brenda','Dixon',175,'midfielder',110,50000000.0,'2004-01-25'),
('Jacob','Davis',46,'midfielder',375,23000000.0,'1992-01-27'),
('Noah','Garcia',100,'midfielder',372,43000000.0,'1994-06-19'),
('Carol','Hansen',165,'goalkeeper',768,41000000.0,'2005-06-01'),
('Amy','Villa',70,'midfielder',762,19000000.0,'1993-08-13'),
('Shelia','Austin',70,'goalkeeper',759,9000000.0,'1996-07-04'),
('Donald','Hall',58,'forward',958,3000000.0,'1981-09-22'),
('George','Lawson',56,'goalkeeper',63,46000000.0,'2006-06-02'),
('Rachel','Smith',119,'goalkeeper',285,53000000.0,'1989-02-18'),
('Christopher','Dean',127,'forward',140,60000000.0,'1981-04-15'),
('Diana','Cobb',95,'midfielder',356,39000000.0,'1996-01-19'),
('Maxwell','Wagner',194,'defender',887,48000000.0,'1986-09-12'),
('Allison','Mckinney',35,'forward',705,49000000.0,'1980-03-28'),
('Andres','Walker',125,'forward',762,76000000.0,'1983-05-12'),
('Rebecca','Hill',134,'forward',384,46000000.0,'1994-08-20'),
('Sherry','Daniels',186,'forward',775,66000000.0,'1981-10-29'),
('Sarah','Scott',113,'midfielder',36,32000000.0,'1989-10-01'),
('Kenneth','Maxwell',82,'goalkeeper',581,17000000.0,'1983-04-22'),
('Amy','Long',175,'defender',509,24000000.0,'2004-10-18'),
('John','Wilson',183,'midfielder',354,51000000.0,'1986-07-31'),
('Kelsey','Anderson',20,'goalkeeper',509,72000000.0,'2001-10-16'),
('Ronnie','Young',18,'goalkeeper',207,10000000.0,'1998-03-23'),
('Kenneth','Thompson',122,'goalkeeper',273,50000000.0,'2004-07-13'),
('Bradley','Jackson',78,'defender',401,64000000.0,'1981-05-13'),
('Heather','Bass',102,'goalkeeper',955,90000000.0,'2003-05-01'),
('Jennifer','Thompson',92,'goalkeeper',205,62000000.0,'1994-10-23'),
('Michael','Smith',107,'defender',994,37000000.0,'2001-02-08'),
('Tracy','Taylor',33,'goalkeeper',536,27000000.0,'2003-05-17'),
('Tom','Moore',116,'goalkeeper',769,15000000.0,'1993-12-16'),
('Hannah','Smith',109,'defender',169,98000000.0,'1985-12-08'),
('Nicole','Smith',63,'forward',587,42000000.0,'1984-11-03'),
('Victoria','Smith',188,'midfielder',545,86000000.0,'1988-04-13'),
('Mrs.','Julia',103,'forward',260,88000000.0,'2003-12-04'),
('Matthew','Randall',40,'defender',150,60000000.0,'1983-06-09'),
('Kenneth','Spears',199,'forward',58,76000000.0,'1989-01-04'),
('Barry','Shelton',67,'midfielder',810,43000000.0,'1987-05-12'),
('Tracy','Martinez',133,'defender',254,23000000.0,'2004-01-16'),
('Aaron','Smith',83,'defender',728,4000000.0,'1992-11-24'),
('Timothy','Rose',180,'defender',411,5000000.0,'1995-08-06'),
('Jaime','Andrews',77,'goalkeeper',724,62000000.0,'2002-10-28'),
('Robert','Davis',14,'goalkeeper',560,72000000.0,'1988-11-07'),
('Debra','Aguilar',181,'midfielder',910,56000000.0,'1991-05-05'),
('Cheryl','Mendoza',133,'midfielder',460,11000000.0,'1983-09-28'),
('Diane','Gonzalez',121,'forward',913,57000000.0,'1993-01-04'),
('Sarah','Nolan',153,'goalkeeper',252,19000000.0,'1998-12-05'),
('Jean','Abbott',27,'goalkeeper',122,20000000.0,'1982-06-23'),
('Madison','Key',36,'defender',795,98000000.0,'1984-01-16'),
('Kelly','Garcia',29,'goalkeeper',819,67000000.0,'1999-11-13'),
('Kimberly','Ortiz',148,'midfielder',823,58000000.0,'1986-10-20'),
('Craig','Simpson',198,'forward',510,77000000.0,'1989-02-10'),
('Jonathan','Smith',14,'defender',490,38000000.0,'2006-01-13'),
('Ashley','Griffin',75,'goalkeeper',532,8000000.0,'1984-09-05'),
('Daniel','Sanchez',64,'goalkeeper',340,31000000.0,'2007-03-07'),
('Kyle','Henderson',29,'goalkeeper',103,68000000.0,'1992-02-14'),
('Roger','Wilcox',15,'forward',470,2000000.0,'1986-02-09'),
('Alyssa','Kane',199,'forward',502,91000000.0,'2004-11-06'),
('Valerie','Nichols',105,'forward',776,99000000.0,'2007-07-26'),
('John','Krueger',14,'midfielder',306,62000000.0,'1985-03-02'),
('Brandy','Thompson',198,'goalkeeper',94,70000000.0,'1980-02-08'),
('Albert','Case',12,'defender',251,66000000.0,'1995-08-07'),
('Chad','Sanders',71,'goalkeeper',445,39000000.0,'2003-06-24'),
('Joe','Cohen',134,'defender',713,23000000.0,'2002-03-03'),
('Linda','Figueroa',167,'goalkeeper',569,71000000.0,'1982-06-19'),
('Mr.','William',177,'goalkeeper',715,54000000.0,'1993-04-27'),
('Linda','White',89,'goalkeeper',486,35000000.0,'1988-11-15'),
('David','Green',11,'midfielder',327,10000000.0,'2002-03-02'),
('Anthony','Harris',100,'midfielder',710,1000000.0,'1982-07-28'),
('Pedro','Snyder',82,'defender',979,87000000.0,'2002-03-12'),
('Katherine','Wallace',129,'midfielder',210,60000000.0,'1980-03-01'),
('Nathaniel','Thornton',150,'midfielder',626,53000000.0,'1988-09-18'),
('Miranda','Jackson',18,'defender',491,88000000.0,'1996-01-22'),
('Vincent','Boyd',59,'defender',515,44000000.0,'2006-06-05'),
('Steven','Shaw',52,'forward',287,9000000.0,'1989-09-11'),
('Anthony','Prince',11,'defender',185,45000000.0,'1984-07-15'),
('Tiffany','Miller',181,'forward',6,86000000.0,'1980-12-15'),
('Beth','Hayes',131,'midfielder',674,86000000.0,'1984-11-10'),
('Ellen','Zhang',158,'forward',192,58000000.0,'1994-01-05'),
('Amy','Perkins',129,'forward',990,57000000.0,'1983-05-28'),
('Teresa','Meza',89,'forward',178,15000000.0,'2006-05-07'),
('Jamie','Gordon',23,'midfielder',363,12000000.0,'2003-02-21'),
('Kevin','Butler',48,'midfielder',517,94000000.0,'1984-06-02'),
('Zachary','Adams',61,'forward',147,98000000.0,'2003-09-25'),
('David','Williamson',25,'defender',929,73000000.0,'2005-12-22'),
('John','Pena',165,'midfielder',926,33000000.0,'1988-10-26'),
('Crystal','Wood',164,'midfielder',250,79000000.0,'2000-07-01'),
('Krystal','Turner',138,'forward',787,55000000.0,'1980-11-25'),
('Travis','Robinson',129,'defender',560,30000000.0,'1988-01-23'),
('Corey','Costa',29,'midfielder',155,30000000.0,'1989-05-25'),
('Mark','Brown',111,'forward',825,99000000.0,'1993-12-13'),
('Jessica','Williams',77,'forward',105,19000000.0,'1989-04-28'),
('Jesus','Ellis',5,'forward',290,53000000.0,'2000-10-01'),
('Samantha','Hamilton',168,'forward',944,47000000.0,'1997-06-29'),
('Robyn','Martinez',124,'midfielder',577,16000000.0,'2000-04-07'),
('Bobby','Pearson',103,'forward',571,36000000.0,'1994-08-06'),
('Michael','Ryan',41,'goalkeeper',545,1000000.0,'1992-07-04'),
('Sean','Webb',36,'defender',200,20000000.0,'1982-07-28'),
('Christopher','Morse',192,'midfielder',947,24000000.0,'1987-04-25'),
('James','Stokes',199,'forward',443,85000000.0,'1983-09-26'),
('Jeremy','Reed',56,'midfielder',43,97000000.0,'1983-07-11'),
('Jeffery','Williamson',115,'forward',139,100000000.0,'2007-11-21'),
('Kyle','Warren',193,'midfielder',714,75000000.0,'1985-02-07'),
('Marcus','Owens',4,'defender',12,26000000.0,'2005-07-15'),
('Amanda','Garcia',188,'forward',37,67000000.0,'1986-10-20'),
('John','Smith',59,'defender',429,87000000.0,'2003-10-31'),
('Rachel','Ibarra',98,'defender',51,63000000.0,'2004-09-10'),
('Rebecca','Velazquez',129,'midfielder',887,36000000.0,'1984-09-06'),
('Christine','Wong',78,'goalkeeper',32,59000000.0,'2003-03-22'),
('Adrienne','Walters',184,'defender',356,40000000.0,'2007-03-24'),
('Jennifer','Davis',48,'forward',941,41000000.0,'1980-08-17'),
('Justin','Gonzalez',89,'goalkeeper',975,71000000.0,'2007-01-20'),
('Nicholas','Wright',55,'defender',923,68000000.0,'1982-10-15'),
('Valerie','Sloan',53,'defender',322,4000000.0,'1993-11-05'),
('Michael','Shaw',131,'forward',209,17000000.0,'1983-02-01'),
('Tracey','Scott',163,'midfielder',853,30000000.0,'2001-07-15'),
('Michael','Tran',197,'goalkeeper',960,47000000.0,'1999-04-01'),
('John','Nelson',26,'midfielder',742,81000000.0,'1983-08-11'),
('Samuel','Foley',42,'forward',538,84000000.0,'1996-11-22'),
('Nicole','Fletcher',140,'defender',513,27000000.0,'2001-04-06'),
('Bryan','Martinez',92,'midfielder',769,72000000.0,'1994-05-31'),
('Sylvia','Roberts',62,'forward',82,72000000.0,'1993-07-20'),
('Jodi','Holder',93,'forward',604,94000000.0,'1985-08-02'),
('Carl','Bowen',152,'defender',514,17000000.0,'1994-02-04'),
('Matthew','Collins',22,'midfielder',361,64000000.0,'1984-10-13'),
('Keith','Ford',55,'defender',5,9000000.0,'1992-04-30'),
('Heidi','Palmer',129,'midfielder',733,11000000.0,'1991-12-11'),
('Steven','Ingram',32,'goalkeeper',860,16000000.0,'1987-12-04'),
('Jennifer','Marshall',198,'goalkeeper',948,16000000.0,'2000-01-10'),
('Jennifer','Brown',200,'defender',650,41000000.0,'1999-10-03'),
('William','Morris',110,'defender',282,25000000.0,'1999-01-03'),
('David','Winters',112,'midfielder',48,34000000.0,'2001-05-05'),
('Earl','Patel',41,'defender',47,36000000.0,'1994-10-11'),
('Daniel','Thomas',164,'goalkeeper',916,42000000.0,'2002-06-04'),
('Timothy','Kelly',86,'defender',867,33000000.0,'2003-10-27'),
('Melissa','Bryant',164,'midfielder',170,26000000.0,'1989-02-05'),
('Brett','Banks',78,'goalkeeper',830,100000000.0,'1994-05-15'),
('Steven','Garner',65,'goalkeeper',365,1000000.0,'1989-03-28'),
('Chelsea','Armstrong',150,'forward',544,19000000.0,'1990-01-18'),
('Nicholas','Peters',23,'defender',527,81000000.0,'1991-12-24'),
('Jeffrey','Thomas',36,'defender',145,27000000.0,'2003-08-05'),
('Elizabeth','Bentley',3,'goalkeeper',178,75000000.0,'1995-12-16'),
('Michelle','Smith',187,'goalkeeper',721,3000000.0,'1998-05-12'),
('Samantha','Patel',186,'goalkeeper',368,33000000.0,'2001-05-11'),
('Ashlee','Franco',145,'forward',143,15000000.0,'1994-02-26'),
('Daniel','Graham',107,'goalkeeper',81,76000000.0,'2006-10-02'),
('Ashley','Evans',88,'midfielder',659,10000000.0,'1982-05-03'),
('Emily','Mcgrath',5,'forward',929,69000000.0,'2006-01-08'),
('Steven','Mckinney',156,'midfielder',62,50000000.0,'1999-04-23'),
('Rachael','Boyd',93,'defender',317,92000000.0,'1986-07-25'),
('Robin','Jones',155,'midfielder',383,96000000.0,'2001-02-24'),
('Anthony','Clements',142,'forward',62,22000000.0,'2002-01-20'),
('Hayley','Carroll',4,'defender',976,47000000.0,'2007-06-23'),
('Paul','Reyes',22,'defender',929,69000000.0,'2002-03-10'),
('Bonnie','Hebert',193,'goalkeeper',127,4000000.0,'1984-03-28'),
('Kara','Ward',180,'goalkeeper',983,94000000.0,'2003-03-22'),
('Jasmine','Dixon',28,'defender',283,47000000.0,'2007-10-30'),
('Kim','Parker',141,'goalkeeper',540,67000000.0,'1995-04-15'),
('Susan','Evans',59,'midfielder',236,59000000.0,'1999-11-29'),
('Molly','Tyler',197,'midfielder',429,42000000.0,'1987-05-21'),
('David','Gomez',63,'goalkeeper',257,90000000.0,'2001-11-08'),
('Sarah','Harris',21,'forward',948,76000000.0,'1982-07-21'),
('Steven','Brennan',178,'forward',875,13000000.0,'1994-04-24'),
('Susan','Johnson',200,'defender',379,10000000.0,'1992-05-26'),
('Mindy','Gould',111,'defender',633,71000000.0,'1991-04-05'),
('James','Morris',96,'forward',663,28000000.0,'1993-05-17'),
('Timothy','Ross',195,'goalkeeper',241,33000000.0,'1982-03-09'),
('Chad','Martin',181,'goalkeeper',677,28000000.0,'1986-10-09'),
('Erica','Meyers',88,'defender',912,87000000.0,'2007-03-27'),
('Tasha','Oneal',28,'forward',602,12000000.0,'1996-03-24'),
('Justin','Russell',90,'forward',271,98000000.0,'1999-10-13'),
('William','Osborne',198,'defender',932,23000000.0,'2001-08-20'),
('James','King',71,'forward',121,82000000.0,'1994-12-06'),
('Mary','Martin',116,'defender',407,17000000.0,'1994-09-02'),
('Jonathan','Mcmahon',144,'defender',3,92000000.0,'1987-11-08'),
('Sherri','Baker',1,'midfielder',293,96000000.0,'1996-09-15'),
('John','Gentry',200,'midfielder',433,93000000.0,'1998-03-11'),
('Stephanie','Stanley',59,'defender',451,77000000.0,'1998-06-30'),
('Bruce','Sims',40,'midfielder',562,63000000.0,'2007-01-10'),
('Terry','Griffin',104,'goalkeeper',179,88000000.0,'1988-09-15'),
('Robin','Brown',19,'midfielder',782,25000000.0,'1999-06-25'),
('Jonathan','Preston',83,'midfielder',880,89000000.0,'1990-12-30'),
('Timothy','Jensen',83,'defender',948,63000000.0,'1988-02-22'),
('Alexandra','Mcclure',36,'defender',968,20000000.0,'1982-09-25'),
('Patrick','Brown',171,'forward',766,44000000.0,'1980-11-07'),
('Donna','Bowman',144,'defender',351,15000000.0,'1993-03-31'),
('Lisa','Benjamin',157,'goalkeeper',455,99000000.0,'1983-07-08'),
('Robert','Hicks',134,'forward',637,89000000.0,'2004-12-03'),
('Melissa','Conway',139,'midfielder',529,68000000.0,'1984-10-31'),
('Miss','Jennifer',148,'goalkeeper',392,67000000.0,'1991-11-07'),
('Mark','Shaw',2,'forward',67,7000000.0,'1992-05-18'),
('Andrea','French',34,'midfielder',290,54000000.0,'1996-02-04'),
('Jennifer','Young',19,'forward',821,86000000.0,'1992-12-08'),
('Cameron','Cole',158,'defender',398,18000000.0,'2000-12-11'),
('Gregory','Adkins',54,'defender',786,15000000.0,'2007-08-20'),
('Kristi','Flynn',109,'goalkeeper',979,85000000.0,'1995-06-24'),
('Tasha','Ross',49,'goalkeeper',756,65000000.0,'1984-11-18'),
('Natasha','Buckley',141,'forward',102,65000000.0,'1982-02-07'),
('Michael','Pope',133,'midfielder',429,79000000.0,'1984-12-31'),
('Brandon','Gonzales',156,'defender',787,5000000.0,'1989-12-10'),
('Paula','Alvarez',97,'goalkeeper',230,75000000.0,'1987-02-06'),
('George','Simpson',152,'midfielder',653,37000000.0,'1983-12-25'),
('Brandon','Hicks',133,'goalkeeper',683,73000000.0,'2003-01-25'),
('Kevin','Stanley',118,'midfielder',918,36000000.0,'1980-04-12'),
('Melanie','Harrison',183,'defender',266,71000000.0,'1997-09-01'),
('Shannon','Savage',81,'defender',117,4000000.0,'1990-11-08'),
('Elizabeth','Ray',14,'midfielder',856,95000000.0,'1982-10-06'),
('Melissa','Sharp',189,'forward',912,18000000.0,'1991-06-06'),
('Deanna','Cabrera',66,'goalkeeper',211,15000000.0,'2004-02-08'),
('Jordan','Durham',144,'defender',304,92000000.0,'1996-09-04'),
('April','Austin',92,'forward',946,99000000.0,'1994-11-15'),
('Amanda','Gonzales',106,'goalkeeper',428,100000000.0,'1984-10-14'),
('Abigail','Lawrence',105,'goalkeeper',10,16000000.0,'1997-11-20'),
('Gordon','Smith',195,'midfielder',598,25000000.0,'1989-03-19'),
('Mr.','Earl',192,'midfielder',43,46000000.0,'1986-01-06'),
('John','Parsons',168,'goalkeeper',60,76000000.0,'1999-08-17'),
('Brooke','Jackson',9,'forward',229,15000000.0,'2000-05-17'),
('Angela','Walker',196,'midfielder',111,50000000.0,'1994-04-11'),
('Christopher','Simmons',113,'forward',620,73000000.0,'1982-03-21'),
('Tammy','Maldonado',199,'defender',722,35000000.0,'1992-02-18'),
('David','Williams',60,'defender',525,52000000.0,'1995-11-13'),
('Christine','Stephens',185,'defender',678,28000000.0,'1994-02-24'),
('Ryan','Sparks',16,'goalkeeper',28,51000000.0,'1986-07-11'),
('Jacob','Richard',129,'midfielder',706,69000000.0,'1988-02-11'),
('Paige','Campbell',24,'goalkeeper',764,16000000.0,'2006-09-07'),
('Susan','Horton',150,'defender',257,97000000.0,'1999-07-11'),
('Beth','Gomez',124,'defender',653,46000000.0,'1984-03-29'),
('Christopher','Phillips',77,'midfielder',846,44000000.0,'1982-07-13'),
('Maria','Patel',126,'midfielder',147,46000000.0,'1997-07-13'),
('Paul','Morgan',69,'goalkeeper',186,16000000.0,'2006-10-17'),
('Lindsey','Carr',152,'midfielder',352,91000000.0,'1984-11-25'),
('Scott','Rowe',37,'midfielder',840,41000000.0,'1996-08-16'),
('Mason','Reyes',93,'forward',268,17000000.0,'2007-10-26'),
('Francis','Shannon',112,'forward',43,12000000.0,'1994-11-11'),
('Michelle','Brooks',119,'goalkeeper',714,64000000.0,'2004-03-10'),
('Ashley','Leon',42,'defender',484,9000000.0,'1983-02-22'),
('Robert','Gray',166,'goalkeeper',844,23000000.0,'1991-07-16'),
('Traci','Fisher',151,'goalkeeper',222,82000000.0,'1987-06-10'),
('Miss','Stacey',134,'midfielder',792,89000000.0,'1982-11-24'),
('Victoria','Thomas',10,'midfielder',612,22000000.0,'1995-11-21'),
('Ashley','Estes',26,'defender',290,81000000.0,'2001-01-20'),
('Anna','Middleton',34,'forward',221,88000000.0,'1999-07-27'),
('Michelle','Harris',55,'defender',682,33000000.0,'2004-11-16'),
('Mitchell','Carter',12,'forward',660,4000000.0,'1980-11-23'),
('Dawn','Raymond',160,'defender',770,97000000.0,'2003-02-20'),
('Emily','Valentine',196,'defender',515,88000000.0,'1999-03-31'),
('Donald','Miller',127,'defender',744,1000000.0,'1985-05-02'),
('Lori','Russell',53,'goalkeeper',495,23000000.0,'2002-06-06'),
('Jacob','Crane',112,'defender',87,41000000.0,'2002-02-27'),
('Jorge','Watson',104,'forward',533,11000000.0,'2007-03-25'),
('Anita','Campbell',8,'midfielder',718,96000000.0,'1998-09-04'),
('Tiffany','Bailey',56,'defender',512,28000000.0,'2007-12-11'),
('Annette','Miller',79,'midfielder',626,53000000.0,'1982-07-05'),
('Joseph','Thomas',22,'midfielder',951,91000000.0,'1990-11-16'),
('Steven','Harris',81,'midfielder',274,12000000.0,'1984-10-26'),
('Nicole','Thompson',136,'defender',489,89000000.0,'1984-02-08'),
('Patricia','Watkins',47,'defender',357,27000000.0,'1998-07-08'),
('Bridget','Brown',31,'goalkeeper',522,26000000.0,'1982-05-12'),
('Timothy','Price',110,'defender',713,85000000.0,'1994-04-26'),
('Sergio','Harmon',196,'defender',93,43000000.0,'2005-07-29'),
('Laura','Duncan',33,'midfielder',762,19000000.0,'1984-06-08'),
('Billy','Gonzalez',193,'forward',779,20000000.0,'2002-11-18'),
('Gregory','Chavez',11,'goalkeeper',420,85000000.0,'1982-12-08'),
('Ariel','Jones',107,'midfielder',364,6000000.0,'1983-06-30'),
('David','Moore',19,'defender',990,34000000.0,'2005-07-30'),
('Gregory','Ryan',17,'forward',260,74000000.0,'1994-05-12'),
('Amanda','Martinez',154,'forward',509,61000000.0,'1985-04-16'),
('Paul','Harris',164,'forward',278,60000000.0,'2003-09-28'),
('Nathan','Morales',154,'goalkeeper',896,22000000.0,'1981-06-15'),
('Mr.','Jesus',199,'midfielder',127,28000000.0,'1984-04-05'),
('Carlos','Rosario',82,'defender',660,73000000.0,'1990-06-08'),
('Sabrina','Myers',118,'defender',703,42000000.0,'1982-12-25'),
('Anthony','Montgomery',5,'midfielder',30,60000000.0,'2001-09-11'),
('Alan','Murphy',150,'defender',903,4000000.0,'2002-12-28'),
('Kimberly','Hernandez',101,'forward',88,5000000.0,'1986-07-20'),
('James','Aguilar',3,'midfielder',584,38000000.0,'1987-01-31'),
('John','Graham',173,'defender',250,58000000.0,'2007-03-20'),
('Richard','Howard',21,'defender',677,99000000.0,'1996-05-11'),
('Rachel','Chung',84,'defender',853,92000000.0,'1986-12-06'),
('Danielle','Burton',10,'midfielder',113,66000000.0,'1988-04-10'),
('Gabriel','Gutierrez',96,'midfielder',380,96000000.0,'2004-01-19'),
('Jaclyn','Floyd',30,'forward',697,62000000.0,'1986-01-25'),
('Michelle','Jackson',141,'defender',258,46000000.0,'1998-11-04'),
('Mrs.','Angela',28,'defender',23,82000000.0,'1985-11-17'),
('Matthew','Walsh',42,'defender',266,32000000.0,'1988-07-11'),
('Cheryl','Lambert',10,'forward',234,43000000.0,'1998-08-18'),
('Justin','White',189,'midfielder',102,84000000.0,'2001-02-28'),
('Susan','Torres',11,'defender',59,87000000.0,'1980-05-23'),
('Sarah','Barber',141,'forward',950,65000000.0,'1994-05-20'),
('David','Collins',94,'defender',663,68000000.0,'1986-07-25'),
('Timothy','Chandler',12,'goalkeeper',980,59000000.0,'1986-10-18'),
('Jeffrey','Gutierrez',98,'goalkeeper',872,16000000.0,'1995-06-25'),
('Michael','Wright',51,'midfielder',520,59000000.0,'1986-03-22'),
('Amanda','Reynolds',179,'midfielder',447,53000000.0,'2003-02-22'),
('Danielle','Anderson',81,'midfielder',379,47000000.0,'1988-01-30'),
('Erik','Dennis',47,'forward',734,55000000.0,'1984-10-21'),
('Joshua','Cox',12,'forward',446,17000000.0,'1981-07-05'),
('Nathan','Meyer',190,'goalkeeper',264,15000000.0,'1981-01-07'),
('Brandy','Schneider',82,'defender',836,34000000.0,'1998-07-06'),
('Tracie','Rivera',158,'goalkeeper',984,100000000.0,'1990-10-26'),
('Derek','Carpenter',42,'goalkeeper',165,92000000.0,'2004-10-24'),
('Marilyn','Butler',152,'forward',228,3000000.0,'2006-11-01'),
('Melissa','Davis',199,'forward',532,47000000.0,'2005-10-01'),
('Stephanie','Russell',148,'forward',850,10000000.0,'1990-09-15'),
('Ryan','Henderson',124,'forward',976,81000000.0,'1998-01-02'),
('Courtney','Fischer',91,'midfielder',369,36000000.0,'1992-02-20'),
('Christopher','Hall',147,'forward',984,43000000.0,'2006-08-13'),
('Allen','Hall',136,'goalkeeper',840,98000000.0,'1997-06-04'),
('Wendy','White',90,'midfielder',29,4000000.0,'1990-11-29'),
('Nicholas','Smith',64,'goalkeeper',985,42000000.0,'1989-11-09'),
('Rebecca','King',127,'midfielder',501,88000000.0,'1991-05-27'),
('Robert','Hernandez',52,'midfielder',874,33000000.0,'1997-10-13'),
('Stanley','Welch',87,'goalkeeper',52,33000000.0,'1988-05-31'),
('Sandra','Salinas',82,'goalkeeper',354,9000000.0,'2003-10-31'),
('Carla','Chapman',124,'goalkeeper',526,96000000.0,'2007-02-24'),
('Matthew','Myers',8,'midfielder',924,45000000.0,'1990-10-12'),
('Ethan','Chapman',124,'midfielder',337,19000000.0,'1992-07-07'),
('Mary','Rios',147,'defender',862,87000000.0,'1984-03-04'),
('Robert','Jones',62,'defender',271,39000000.0,'1985-10-21'),
('Carl','Lane',108,'forward',464,66000000.0,'1985-12-30'),
('Kerry','Sullivan',65,'midfielder',229,24000000.0,'1991-08-07'),
('Marcus','Rios',86,'defender',911,80000000.0,'2000-06-06'),
('Taylor','Beard',138,'forward',16,7000000.0,'1990-08-26'),
('Dr.','Heather',85,'forward',948,80000000.0,'1983-10-28'),
('Jeffrey','Small',181,'goalkeeper',979,49000000.0,'1989-08-03'),
('Gregory','Davies',27,'goalkeeper',63,23000000.0,'2007-07-06'),
('Kirk','Travis',34,'midfielder',590,90000000.0,'1980-11-23'),
('Antonio','Jenkins',181,'forward',915,53000000.0,'1986-08-15'),
('Paula','Rojas',89,'forward',709,59000000.0,'1998-06-10'),
('Jessica','Gibson',195,'defender',749,4000000.0,'1998-09-20'),
('Mary','Jordan',139,'defender',56,46000000.0,'2000-12-08'),
('Makayla','Acosta',196,'defender',84,75000000.0,'1983-05-07'),
('Frances','Watkins',118,'forward',630,54000000.0,'1997-01-07'),
('Kathryn','Conner',84,'goalkeeper',636,75000000.0,'1992-08-11'),
('Isaac','Thomas',167,'goalkeeper',223,50000000.0,'1982-04-29'),
('Alan','Goodwin',146,'midfielder',920,5000000.0,'1998-03-05'),
('Martin','Wu',124,'defender',400,69000000.0,'1980-12-05'),
('Molly','Dennis',140,'goalkeeper',493,32000000.0,'2003-05-20'),
('Sergio','Curry',124,'goalkeeper',64,94000000.0,'1995-12-21'),
('Jodi','Long',58,'midfielder',193,76000000.0,'2007-09-23'),
('Kyle','Flynn',66,'forward',443,70000000.0,'2005-12-02'),
('Thomas','Reyes',72,'midfielder',452,75000000.0,'1986-04-16'),
('Wayne','Cantu',22,'goalkeeper',179,43000000.0,'1989-05-22'),
('Hayley','Anderson',165,'goalkeeper',659,13000000.0,'2002-03-18'),
('Julia','Harris',74,'forward',776,36000000.0,'1996-01-04'),
('Dr.','Sara',4,'midfielder',80,4000000.0,'1984-05-28'),
('Tyler','Alexander',198,'defender',62,15000000.0,'1994-05-01'),
('Caitlyn','Wells',79,'forward',366,41000000.0,'1989-09-18'),
('Anthony','Mercado',96,'midfielder',864,88000000.0,'1981-09-25'),
('Kenneth','Smith',39,'midfielder',878,69000000.0,'1997-01-11'),
('Angela','Wilcox',195,'forward',787,84000000.0,'2005-12-29'),
('Regina','Cannon',61,'forward',982,3000000.0,'2002-05-10'),
('Joshua','Young',182,'forward',637,71000000.0,'1986-05-24'),
('Wyatt','Fernandez',6,'midfielder',505,74000000.0,'1991-03-22'),
('Gloria','Clark',156,'forward',480,38000000.0,'1990-02-04'),
('Brittany','Grant',55,'forward',737,69000000.0,'1981-07-20'),
('Sarah','Davidson',83,'midfielder',799,40000000.0,'1993-12-24'),
('Mario','White',157,'goalkeeper',785,50000000.0,'1992-03-08'),
('Kenneth','Torres',178,'forward',260,19000000.0,'2005-03-15'),
('Charles','Weaver',114,'goalkeeper',986,86000000.0,'1983-01-10'),
('Dana','Howard',180,'midfielder',267,68000000.0,'1999-10-31'),
('Brenda','Potter',197,'goalkeeper',994,71000000.0,'1982-07-22'),
('Nicole','Vazquez',16,'forward',324,90000000.0,'1994-04-11'),
('Jennifer','Robles',161,'forward',122,64000000.0,'1980-12-22'),
('Christine','Morales',192,'forward',380,69000000.0,'2000-04-22'),
('Jeffery','Love',145,'midfielder',199,8000000.0,'1985-06-03'),
('Bradley','Conway',132,'forward',64,81000000.0,'1985-11-10'),
('Michael','Riley',6,'forward',147,18000000.0,'1983-04-29'),
('Jesse','Hill',40,'defender',85,84000000.0,'2000-05-28'),
('Amber','Proctor',16,'forward',214,22000000.0,'1982-11-18'),
('Terri','Blair',114,'midfielder',840,42000000.0,'1994-07-10'),
('Kyle','Norton',9,'defender',681,48000000.0,'1986-03-17'),
('Eric','Wilcox',75,'goalkeeper',785,63000000.0,'2006-01-25'),
('Ian','Carpenter',119,'midfielder',481,5000000.0,'1995-11-23'),
('Timothy','Miller',116,'defender',748,90000000.0,'2007-04-18'),
('Sean','Vargas',163,'forward',213,30000000.0,'1996-09-07'),
('Mary','Roberts',35,'forward',443,89000000.0,'1990-04-21'),
('Stacey','Morris',136,'goalkeeper',713,70000000.0,'2000-06-04'),
('Paul','Evans',178,'defender',37,93000000.0,'1984-09-28'),
('Robert','Boyd',28,'midfielder',71,86000000.0,'2007-02-27'),
('Kristi','Lawson',40,'goalkeeper',481,23000000.0,'1983-12-01'),
('Edwin','Cuevas',189,'forward',418,19000000.0,'1999-03-10'),
('Kelly','Thomas',169,'goalkeeper',194,22000000.0,'1988-05-17'),
('Jody','Pena',81,'midfielder',761,89000000.0,'2000-01-30'),
('Timothy','Mitchell',23,'goalkeeper',545,48000000.0,'1997-06-03'),
('Daniel','Watkins',166,'midfielder',380,97000000.0,'1987-06-27'),
('Joyce','Duffy',96,'forward',949,57000000.0,'2004-12-13'),
('Justin','Mcneil',10,'midfielder',41,52000000.0,'2007-08-01'),
('Dawn','Shelton',196,'goalkeeper',720,33000000.0,'2006-04-03'),
('Gwendolyn','Perez',6,'goalkeeper',715,16000000.0,'1993-07-04'),
('Tiffany','Anderson',56,'goalkeeper',239,39000000.0,'1991-02-22'),
('John','Rios',158,'midfielder',205,92000000.0,'2007-04-28'),
('Matthew','Palmer',155,'defender',809,65000000.0,'1991-10-03'),
('Robin','Deleon',81,'midfielder',690,80000000.0,'1984-10-04'),
('David','Le',151,'goalkeeper',855,74000000.0,'1980-01-04'),
('Brent','Reid',181,'goalkeeper',532,16000000.0,'1994-11-11'),
('Tommy','Gilmore',161,'forward',165,32000000.0,'1994-06-15'),
('Kenneth','Coleman',98,'goalkeeper',244,65000000.0,'1990-07-17'),
('Holly','Nelson',48,'midfielder',76,27000000.0,'2005-04-09'),
('Betty','Newton',15,'midfielder',193,75000000.0,'1999-11-09'),
('Kevin','Carpenter',42,'forward',679,98000000.0,'1983-03-03'),
('David','Collins',171,'forward',444,90000000.0,'1988-10-14'),
('Sarah','Garcia',71,'defender',224,60000000.0,'1984-12-13'),
('Julie','Logan',85,'defender',870,9000000.0,'1988-08-14'),
('Karen','Holmes',164,'defender',397,93000000.0,'2000-08-11'),
('Linda','Arias',94,'goalkeeper',47,71000000.0,'1992-04-10'),
('Jeffrey','Powell',16,'forward',966,30000000.0,'1985-10-29'),
('Lacey','Crane',186,'midfielder',207,72000000.0,'1998-01-18'),
('John','Bradley',14,'midfielder',409,63000000.0,'1996-11-05'),
('Samantha','Barnes',59,'midfielder',977,96000000.0,'1997-08-11'),
('Luis','Osborn',147,'goalkeeper',193,6000000.0,'1995-09-29'),
('Alexandria','Pope',131,'midfielder',778,89000000.0,'1983-06-19'),
('Ricky','Brown',23,'goalkeeper',111,57000000.0,'1996-12-24'),
('Steven','Rodriguez',177,'goalkeeper',518,40000000.0,'1991-04-06'),
('Tina','Rodriguez',150,'goalkeeper',88,97000000.0,'1991-05-01'),
